dataset,algorithm,clusterer,feature,metric,seeds,n,mean,std
astro_ph,EgoNet-APM-W1,APM,W1,runtime_sec,1 2 3 4 5,5.0,5.016085999784991,0.07782633922302641
astro_ph,EgoNet-APM-W1,APM,W1,auc,1 2 3 4 5,5.0,0.974277,0.0038193254149129757
astro_ph,EgoNet-APM-W1,APM,W1,average_precision,1 2 3 4 5,5.0,0.9742081848152475,0.0038377645129578403
astro_ph,EgoNet-APM-W1,APM,W1,ego_cluster_count,1 2 3 4 5,5.0,41974.0,34.40930106817051
astro_ph,EgoNet-APM-W1,APM,W1,ego_cluster_mean_size,1 2 3 4 5,5.0,9.280330452782108,0.0069371023242492625
astro_ph,EgoNet-APM-W1,APM,W1,ego_cluster_mean_density,1 2 3 4 5,5.0,0.8989027437272533,0.00021614147787133489
astro_ph,EgoNet-APM-W1,APM,W1,ego_cluster_density_p10,1 2 3 4 5,5.0,0.6666666666666666,0.0
astro_ph,EgoNet-APM-W1,APM,W1,ego_cluster_density_p25,1 2 3 4 5,5.0,0.8029457804627227,0.001808720653195503
astro_ph,EgoNet-APM-W1,APM,W1,ego_cluster_density_p50,1 2 3 4 5,5.0,1.0,0.0
astro_ph,EgoNet-APM-W1,APM,W1,ego_cluster_density_p75,1 2 3 4 5,5.0,1.0,0.0
astro_ph,EgoNet-APM-W1,APM,W1,ego_cluster_density_p90,1 2 3 4 5,5.0,1.0,0.0
astro_ph,EgoNet-APM-W1,APM,W1,ego_cluster_mean_conductance,1 2 3 4 5,5.0,0.21515511762796796,0.00030012714747545033
astro_ph,EgoNet-APM-W1,APM,W1,ego_cluster_conductance_p10,1 2 3 4 5,5.0,0.0,0.0
astro_ph,EgoNet-APM-W1,APM,W1,ego_cluster_conductance_p25,1 2 3 4 5,5.0,0.0,0.0
astro_ph,EgoNet-APM-W1,APM,W1,ego_cluster_conductance_p50,1 2 3 4 5,5.0,0.10412976076987622,0.0009678530769186171
astro_ph,EgoNet-APM-W1,APM,W1,ego_cluster_conductance_p75,1 2 3 4 5,5.0,0.39282778874780094,0.0011233493043369025
astro_ph,EgoNet-APM-W1,APM,W1,ego_cluster_conductance_p90,1 2 3 4 5,5.0,0.6183150183150183,0.0016381450384613785
astro_ph,EgoNet-APM-W2,APM,W2,runtime_sec,1 2 3 4 5,5.0,5.016085999784991,0.07782633922302641
astro_ph,EgoNet-APM-W2,APM,W2,auc,1 2 3 4 5,5.0,0.9743333,0.0038339565660033222
astro_ph,EgoNet-APM-W2,APM,W2,average_precision,1 2 3 4 5,5.0,0.9743229537444641,0.003860891757568869
astro_ph,EgoNet-APM-W2,APM,W2,ego_cluster_count,1 2 3 4 5,5.0,41974.0,34.40930106817051
astro_ph,EgoNet-APM-W2,APM,W2,ego_cluster_mean_size,1 2 3 4 5,5.0,9.280330452782108,0.0069371023242492625
astro_ph,EgoNet-APM-W2,APM,W2,ego_cluster_mean_density,1 2 3 4 5,5.0,0.8989027437272533,0.00021614147787133489
astro_ph,EgoNet-APM-W2,APM,W2,ego_cluster_density_p10,1 2 3 4 5,5.0,0.6666666666666666,0.0
astro_ph,EgoNet-APM-W2,APM,W2,ego_cluster_density_p25,1 2 3 4 5,5.0,0.8029457804627227,0.001808720653195503
astro_ph,EgoNet-APM-W2,APM,W2,ego_cluster_density_p50,1 2 3 4 5,5.0,1.0,0.0
astro_ph,EgoNet-APM-W2,APM,W2,ego_cluster_density_p75,1 2 3 4 5,5.0,1.0,0.0
astro_ph,EgoNet-APM-W2,APM,W2,ego_cluster_density_p90,1 2 3 4 5,5.0,1.0,0.0
astro_ph,EgoNet-APM-W2,APM,W2,ego_cluster_mean_conductance,1 2 3 4 5,5.0,0.21515511762796796,0.00030012714747545033
astro_ph,EgoNet-APM-W2,APM,W2,ego_cluster_conductance_p10,1 2 3 4 5,5.0,0.0,0.0
astro_ph,EgoNet-APM-W2,APM,W2,ego_cluster_conductance_p25,1 2 3 4 5,5.0,0.0,0.0
astro_ph,EgoNet-APM-W2,APM,W2,ego_cluster_conductance_p50,1 2 3 4 5,5.0,0.10412976076987622,0.0009678530769186171
astro_ph,EgoNet-APM-W2,APM,W2,ego_cluster_conductance_p75,1 2 3 4 5,5.0,0.39282778874780094,0.0011233493043369025
astro_ph,EgoNet-APM-W2,APM,W2,ego_cluster_conductance_p90,1 2 3 4 5,5.0,0.6183150183150183,0.0016381450384613785
astro_ph,EgoNet-APM-W3,APM,W3,runtime_sec,1 2 3 4 5,5.0,5.016085999784991,0.07782633922302641
astro_ph,EgoNet-APM-W3,APM,W3,auc,1 2 3 4 5,5.0,0.9737493,0.003816250591221697
astro_ph,EgoNet-APM-W3,APM,W3,average_precision,1 2 3 4 5,5.0,0.9736835116104973,0.003849706061035522
astro_ph,EgoNet-APM-W3,APM,W3,ego_cluster_count,1 2 3 4 5,5.0,41974.0,34.40930106817051
astro_ph,EgoNet-APM-W3,APM,W3,ego_cluster_mean_size,1 2 3 4 5,5.0,9.280330452782108,0.0069371023242492625
astro_ph,EgoNet-APM-W3,APM,W3,ego_cluster_mean_density,1 2 3 4 5,5.0,0.8989027437272533,0.00021614147787133489
astro_ph,EgoNet-APM-W3,APM,W3,ego_cluster_density_p10,1 2 3 4 5,5.0,0.6666666666666666,0.0
astro_ph,EgoNet-APM-W3,APM,W3,ego_cluster_density_p25,1 2 3 4 5,5.0,0.8029457804627227,0.001808720653195503
astro_ph,EgoNet-APM-W3,APM,W3,ego_cluster_density_p50,1 2 3 4 5,5.0,1.0,0.0
astro_ph,EgoNet-APM-W3,APM,W3,ego_cluster_density_p75,1 2 3 4 5,5.0,1.0,0.0
astro_ph,EgoNet-APM-W3,APM,W3,ego_cluster_density_p90,1 2 3 4 5,5.0,1.0,0.0
astro_ph,EgoNet-APM-W3,APM,W3,ego_cluster_mean_conductance,1 2 3 4 5,5.0,0.21515511762796796,0.00030012714747545033
astro_ph,EgoNet-APM-W3,APM,W3,ego_cluster_conductance_p10,1 2 3 4 5,5.0,0.0,0.0
astro_ph,EgoNet-APM-W3,APM,W3,ego_cluster_conductance_p25,1 2 3 4 5,5.0,0.0,0.0
astro_ph,EgoNet-APM-W3,APM,W3,ego_cluster_conductance_p50,1 2 3 4 5,5.0,0.10412976076987622,0.0009678530769186171
astro_ph,EgoNet-APM-W3,APM,W3,ego_cluster_conductance_p75,1 2 3 4 5,5.0,0.39282778874780094,0.0011233493043369025
astro_ph,EgoNet-APM-W3,APM,W3,ego_cluster_conductance_p90,1 2 3 4 5,5.0,0.6183150183150183,0.0016381450384613785
astro_ph,EgoNet-APM-W4,APM,W4,runtime_sec,1 2 3 4 5,5.0,5.016085999784991,0.07782633922302641
astro_ph,EgoNet-APM-W4,APM,W4,auc,1 2 3 4 5,5.0,0.9743176,0.003814953495784729
astro_ph,EgoNet-APM-W4,APM,W4,average_precision,1 2 3 4 5,5.0,0.9743089226814651,0.0038376294147824796
astro_ph,EgoNet-APM-W4,APM,W4,ego_cluster_count,1 2 3 4 5,5.0,41974.0,34.40930106817051
astro_ph,EgoNet-APM-W4,APM,W4,ego_cluster_mean_size,1 2 3 4 5,5.0,9.280330452782108,0.0069371023242492625
astro_ph,EgoNet-APM-W4,APM,W4,ego_cluster_mean_density,1 2 3 4 5,5.0,0.8989027437272533,0.00021614147787133489
astro_ph,EgoNet-APM-W4,APM,W4,ego_cluster_density_p10,1 2 3 4 5,5.0,0.6666666666666666,0.0
astro_ph,EgoNet-APM-W4,APM,W4,ego_cluster_density_p25,1 2 3 4 5,5.0,0.8029457804627227,0.001808720653195503
astro_ph,EgoNet-APM-W4,APM,W4,ego_cluster_density_p50,1 2 3 4 5,5.0,1.0,0.0
astro_ph,EgoNet-APM-W4,APM,W4,ego_cluster_density_p75,1 2 3 4 5,5.0,1.0,0.0
astro_ph,EgoNet-APM-W4,APM,W4,ego_cluster_density_p90,1 2 3 4 5,5.0,1.0,0.0
astro_ph,EgoNet-APM-W4,APM,W4,ego_cluster_mean_conductance,1 2 3 4 5,5.0,0.21515511762796796,0.00030012714747545033
astro_ph,EgoNet-APM-W4,APM,W4,ego_cluster_conductance_p10,1 2 3 4 5,5.0,0.0,0.0
astro_ph,EgoNet-APM-W4,APM,W4,ego_cluster_conductance_p25,1 2 3 4 5,5.0,0.0,0.0
astro_ph,EgoNet-APM-W4,APM,W4,ego_cluster_conductance_p50,1 2 3 4 5,5.0,0.10412976076987622,0.0009678530769186171
astro_ph,EgoNet-APM-W4,APM,W4,ego_cluster_conductance_p75,1 2 3 4 5,5.0,0.39282778874780094,0.0011233493043369025
astro_ph,EgoNet-APM-W4,APM,W4,ego_cluster_conductance_p90,1 2 3 4 5,5.0,0.6183150183150183,0.0016381450384613785
astro_ph,EgoNet-CC-W1,CC,W1,runtime_sec,1 2 3 4 5,5.0,2.4347507166676223,0.03846895575495743
astro_ph,EgoNet-CC-W1,CC,W1,auc,1 2 3 4 5,5.0,0.9856966,0.0021621611410808585
astro_ph,EgoNet-CC-W1,CC,W1,average_precision,1 2 3 4 5,5.0,0.9856207980534838,0.0022391328564303607
astro_ph,EgoNet-CC-W1,CC,W1,ego_cluster_count,1 2 3 4 5,5.0,22139.8,9.20326029187483
astro_ph,EgoNet-CC-W1,CC,W1,ego_cluster_mean_size,1 2 3 4 5,5.0,17.594578199974727,0.005770079476949564
astro_ph,EgoNet-CC-W1,CC,W1,ego_cluster_mean_density,1 2 3 4 5,5.0,0.793334084855492,0.00023400319600955195
astro_ph,EgoNet-CC-W1,CC,W1,ego_cluster_density_p10,1 2 3 4 5,5.0,0.31915860772421717,0.00034087198695277723
astro_ph,EgoNet-CC-W1,CC,W1,ego_cluster_density_p25,1 2 3 4 5,5.0,0.5847130832430939,0.0016169344554723458
astro_ph,EgoNet-CC-W1,CC,W1,ego_cluster_density_p50,1 2 3 4 5,5.0,1.0,0.0
astro_ph,EgoNet-CC-W1,CC,W1,ego_cluster_density_p75,1 2 3 4 5,5.0,1.0,0.0
astro_ph,EgoNet-CC-W1,CC,W1,ego_cluster_density_p90,1 2 3 4 5,5.0,1.0,0.0
astro_ph,EgoNet-CC-W1,CC,W1,ego_cluster_mean_conductance,1 2 3 4 5,5.0,0.0,0.0
astro_ph,EgoNet-CC-W1,CC,W1,ego_cluster_conductance_p10,1 2 3 4 5,5.0,0.0,0.0
astro_ph,EgoNet-CC-W1,CC,W1,ego_cluster_conductance_p25,1 2 3 4 5,5.0,0.0,0.0
astro_ph,EgoNet-CC-W1,CC,W1,ego_cluster_conductance_p50,1 2 3 4 5,5.0,0.0,0.0
astro_ph,EgoNet-CC-W1,CC,W1,ego_cluster_conductance_p75,1 2 3 4 5,5.0,0.0,0.0
astro_ph,EgoNet-CC-W1,CC,W1,ego_cluster_conductance_p90,1 2 3 4 5,5.0,0.0,0.0
astro_ph,EgoNet-CC-W2,CC,W2,runtime_sec,1 2 3 4 5,5.0,2.4347507166676223,0.03846895575495743
astro_ph,EgoNet-CC-W2,CC,W2,auc,1 2 3 4 5,5.0,0.9860142000000001,0.002116039626282999
astro_ph,EgoNet-CC-W2,CC,W2,average_precision,1 2 3 4 5,5.0,0.986219563614741,0.0021707558898499666
astro_ph,EgoNet-CC-W2,CC,W2,ego_cluster_count,1 2 3 4 5,5.0,22139.8,9.20326029187483
astro_ph,EgoNet-CC-W2,CC,W2,ego_cluster_mean_size,1 2 3 4 5,5.0,17.594578199974727,0.005770079476949564
astro_ph,EgoNet-CC-W2,CC,W2,ego_cluster_mean_density,1 2 3 4 5,5.0,0.793334084855492,0.00023400319600955195
astro_ph,EgoNet-CC-W2,CC,W2,ego_cluster_density_p10,1 2 3 4 5,5.0,0.31915860772421717,0.00034087198695277723
astro_ph,EgoNet-CC-W2,CC,W2,ego_cluster_density_p25,1 2 3 4 5,5.0,0.5847130832430939,0.0016169344554723458
astro_ph,EgoNet-CC-W2,CC,W2,ego_cluster_density_p50,1 2 3 4 5,5.0,1.0,0.0
astro_ph,EgoNet-CC-W2,CC,W2,ego_cluster_density_p75,1 2 3 4 5,5.0,1.0,0.0
astro_ph,EgoNet-CC-W2,CC,W2,ego_cluster_density_p90,1 2 3 4 5,5.0,1.0,0.0
astro_ph,EgoNet-CC-W2,CC,W2,ego_cluster_mean_conductance,1 2 3 4 5,5.0,0.0,0.0
astro_ph,EgoNet-CC-W2,CC,W2,ego_cluster_conductance_p10,1 2 3 4 5,5.0,0.0,0.0
astro_ph,EgoNet-CC-W2,CC,W2,ego_cluster_conductance_p25,1 2 3 4 5,5.0,0.0,0.0
astro_ph,EgoNet-CC-W2,CC,W2,ego_cluster_conductance_p50,1 2 3 4 5,5.0,0.0,0.0
astro_ph,EgoNet-CC-W2,CC,W2,ego_cluster_conductance_p75,1 2 3 4 5,5.0,0.0,0.0
astro_ph,EgoNet-CC-W2,CC,W2,ego_cluster_conductance_p90,1 2 3 4 5,5.0,0.0,0.0
astro_ph,EgoNet-CC-W3,CC,W3,runtime_sec,1 2 3 4 5,5.0,2.4347507166676223,0.03846895575495743
astro_ph,EgoNet-CC-W3,CC,W3,auc,1 2 3 4 5,5.0,0.9827144999999999,0.00265051098846998
astro_ph,EgoNet-CC-W3,CC,W3,average_precision,1 2 3 4 5,5.0,0.982581436562309,0.0026833524942369248
astro_ph,EgoNet-CC-W3,CC,W3,ego_cluster_count,1 2 3 4 5,5.0,22139.8,9.20326029187483
astro_ph,EgoNet-CC-W3,CC,W3,ego_cluster_mean_size,1 2 3 4 5,5.0,17.594578199974727,0.005770079476949564
astro_ph,EgoNet-CC-W3,CC,W3,ego_cluster_mean_density,1 2 3 4 5,5.0,0.793334084855492,0.00023400319600955195
astro_ph,EgoNet-CC-W3,CC,W3,ego_cluster_density_p10,1 2 3 4 5,5.0,0.31915860772421717,0.00034087198695277723
astro_ph,EgoNet-CC-W3,CC,W3,ego_cluster_density_p25,1 2 3 4 5,5.0,0.5847130832430939,0.0016169344554723458
astro_ph,EgoNet-CC-W3,CC,W3,ego_cluster_density_p50,1 2 3 4 5,5.0,1.0,0.0
astro_ph,EgoNet-CC-W3,CC,W3,ego_cluster_density_p75,1 2 3 4 5,5.0,1.0,0.0
astro_ph,EgoNet-CC-W3,CC,W3,ego_cluster_density_p90,1 2 3 4 5,5.0,1.0,0.0
astro_ph,EgoNet-CC-W3,CC,W3,ego_cluster_mean_conductance,1 2 3 4 5,5.0,0.0,0.0
astro_ph,EgoNet-CC-W3,CC,W3,ego_cluster_conductance_p10,1 2 3 4 5,5.0,0.0,0.0
astro_ph,EgoNet-CC-W3,CC,W3,ego_cluster_conductance_p25,1 2 3 4 5,5.0,0.0,0.0
astro_ph,EgoNet-CC-W3,CC,W3,ego_cluster_conductance_p50,1 2 3 4 5,5.0,0.0,0.0
astro_ph,EgoNet-CC-W3,CC,W3,ego_cluster_conductance_p75,1 2 3 4 5,5.0,0.0,0.0
astro_ph,EgoNet-CC-W3,CC,W3,ego_cluster_conductance_p90,1 2 3 4 5,5.0,0.0,0.0
astro_ph,EgoNet-CC-W4,CC,W4,runtime_sec,1 2 3 4 5,5.0,2.4347507166676223,0.03846895575495743
astro_ph,EgoNet-CC-W4,CC,W4,auc,1 2 3 4 5,5.0,0.9856076,0.0020712641791910745
astro_ph,EgoNet-CC-W4,CC,W4,average_precision,1 2 3 4 5,5.0,0.9857800183942375,0.002119341258460531
astro_ph,EgoNet-CC-W4,CC,W4,ego_cluster_count,1 2 3 4 5,5.0,22139.8,9.20326029187483
astro_ph,EgoNet-CC-W4,CC,W4,ego_cluster_mean_size,1 2 3 4 5,5.0,17.594578199974727,0.005770079476949564
astro_ph,EgoNet-CC-W4,CC,W4,ego_cluster_mean_density,1 2 3 4 5,5.0,0.793334084855492,0.00023400319600955195
astro_ph,EgoNet-CC-W4,CC,W4,ego_cluster_density_p10,1 2 3 4 5,5.0,0.31915860772421717,0.00034087198695277723
astro_ph,EgoNet-CC-W4,CC,W4,ego_cluster_density_p25,1 2 3 4 5,5.0,0.5847130832430939,0.0016169344554723458
astro_ph,EgoNet-CC-W4,CC,W4,ego_cluster_density_p50,1 2 3 4 5,5.0,1.0,0.0
astro_ph,EgoNet-CC-W4,CC,W4,ego_cluster_density_p75,1 2 3 4 5,5.0,1.0,0.0
astro_ph,EgoNet-CC-W4,CC,W4,ego_cluster_density_p90,1 2 3 4 5,5.0,1.0,0.0
astro_ph,EgoNet-CC-W4,CC,W4,ego_cluster_mean_conductance,1 2 3 4 5,5.0,0.0,0.0
astro_ph,EgoNet-CC-W4,CC,W4,ego_cluster_conductance_p10,1 2 3 4 5,5.0,0.0,0.0
astro_ph,EgoNet-CC-W4,CC,W4,ego_cluster_conductance_p25,1 2 3 4 5,5.0,0.0,0.0
astro_ph,EgoNet-CC-W4,CC,W4,ego_cluster_conductance_p50,1 2 3 4 5,5.0,0.0,0.0
astro_ph,EgoNet-CC-W4,CC,W4,ego_cluster_conductance_p75,1 2 3 4 5,5.0,0.0,0.0
astro_ph,EgoNet-CC-W4,CC,W4,ego_cluster_conductance_p90,1 2 3 4 5,5.0,0.0,0.0
astro_ph,Louvain,global,community_common_neighbors,runtime_sec,1 2 3 4 5,5.0,1.5983566166367382,0.1406612199306917
astro_ph,Louvain,global,community_common_neighbors,modularity,1 2 3 4 5,5.0,0.627340861791609,0.001368150908317294
astro_ph,Louvain,global,community_common_neighbors,coverage,1 2 3 4 5,5.0,0.691607206292819,0.004088180690710114
astro_ph,Louvain,global,community_common_neighbors,mean_density,1 2 3 4 5,5.0,0.8584322175542202,0.0035141740708010995
astro_ph,Louvain,global,community_common_neighbors,mean_conductance,1 2 3 4 5,5.0,0.026065432975198123,0.0016719398684095093
astro_ph,Louvain,global,community_common_neighbors,auc,1 2 3 4 5,5.0,0.9816448999999999,0.0018347898517268866
astro_ph,Louvain,global,community_common_neighbors,average_precision,1 2 3 4 5,5.0,0.9792950627897433,0.0020052046551699465
astro_ph,Louvain,global,community_common_neighbors,ego_cluster_count,1 2 3 4 5,5.0,0.0,0.0
astro_ph,Louvain,global,community_common_neighbors,ego_cluster_mean_size,1 2 3 4 5,5.0,0.0,0.0
astro_ph,Louvain,global,community_common_neighbors,ego_cluster_mean_density,1 2 3 4 5,5.0,0.0,0.0
astro_ph,Louvain,global,community_common_neighbors,ego_cluster_density_p10,1 2 3 4 5,5.0,0.0,0.0
astro_ph,Louvain,global,community_common_neighbors,ego_cluster_density_p25,1 2 3 4 5,5.0,0.0,0.0
astro_ph,Louvain,global,community_common_neighbors,ego_cluster_density_p50,1 2 3 4 5,5.0,0.0,0.0
astro_ph,Louvain,global,community_common_neighbors,ego_cluster_density_p75,1 2 3 4 5,5.0,0.0,0.0
astro_ph,Louvain,global,community_common_neighbors,ego_cluster_density_p90,1 2 3 4 5,5.0,0.0,0.0
astro_ph,Louvain,global,community_common_neighbors,ego_cluster_mean_conductance,1 2 3 4 5,5.0,0.0,0.0
astro_ph,Louvain,global,community_common_neighbors,ego_cluster_conductance_p10,1 2 3 4 5,5.0,0.0,0.0
astro_ph,Louvain,global,community_common_neighbors,ego_cluster_conductance_p25,1 2 3 4 5,5.0,0.0,0.0
astro_ph,Louvain,global,community_common_neighbors,ego_cluster_conductance_p50,1 2 3 4 5,5.0,0.0,0.0
astro_ph,Louvain,global,community_common_neighbors,ego_cluster_conductance_p75,1 2 3 4 5,5.0,0.0,0.0
astro_ph,Louvain,global,community_common_neighbors,ego_cluster_conductance_p90,1 2 3 4 5,5.0,0.0,0.0
enron,EgoNet-APM-W1,APM,W1,runtime_sec,1 2 3 4 5,5.0,6.218592716613784,0.23251874173776513
enron,EgoNet-APM-W1,APM,W1,auc,1 2 3 4 5,5.0,0.9338468,0.0038999395604291153
enron,EgoNet-APM-W1,APM,W1,average_precision,1 2 3 4 5,5.0,0.9336132579479672,0.003724342332410174
enron,EgoNet-APM-W1,APM,W1,ego_cluster_count,1 2 3 4 5,5.0,53570.0,43.45687517528153
enron,EgoNet-APM-W1,APM,W1,ego_cluster_mean_size,1 2 3 4 5,5.0,6.298087988512448,0.00504893685989694
enron,EgoNet-APM-W1,APM,W1,ego_cluster_mean_density,1 2 3 4 5,5.0,0.8313134143295944,0.0005280514743246012
enron,EgoNet-APM-W1,APM,W1,ego_cluster_density_p10,1 2 3 4 5,5.0,0.5,0.0
enron,EgoNet-APM-W1,APM,W1,ego_cluster_density_p25,1 2 3 4 5,5.0,0.6666666666666666,0.0
enron,EgoNet-APM-W1,APM,W1,ego_cluster_density_p50,1 2 3 4 5,5.0,1.0,0.0
enron,EgoNet-APM-W1,APM,W1,ego_cluster_density_p75,1 2 3 4 5,5.0,1.0,0.0
enron,EgoNet-APM-W1,APM,W1,ego_cluster_density_p90,1 2 3 4 5,5.0,1.0,0.0
enron,EgoNet-APM-W1,APM,W1,ego_cluster_mean_conductance,1 2 3 4 5,5.0,0.3186267439231707,0.00038382240978199645
enron,EgoNet-APM-W1,APM,W1,ego_cluster_conductance_p10,1 2 3 4 5,5.0,0.0,0.0
enron,EgoNet-APM-W1,APM,W1,ego_cluster_conductance_p25,1 2 3 4 5,5.0,0.0,0.0
enron,EgoNet-APM-W1,APM,W1,ego_cluster_conductance_p50,1 2 3 4 5,5.0,0.2,0.0
enron,EgoNet-APM-W1,APM,W1,ego_cluster_conductance_p75,1 2 3 4 5,5.0,0.6556829391791532,0.0021240289487507824
enron,EgoNet-APM-W1,APM,W1,ego_cluster_conductance_p90,1 2 3 4 5,5.0,0.8181818181818182,0.0
enron,EgoNet-APM-W2,APM,W2,runtime_sec,1 2 3 4 5,5.0,6.218592716613784,0.23251874173776513
enron,EgoNet-APM-W2,APM,W2,auc,1 2 3 4 5,5.0,0.9339003,0.003915611871087348
enron,EgoNet-APM-W2,APM,W2,average_precision,1 2 3 4 5,5.0,0.9337567246892776,0.0037494612567214505
enron,EgoNet-APM-W2,APM,W2,ego_cluster_count,1 2 3 4 5,5.0,53570.0,43.45687517528153
enron,EgoNet-APM-W2,APM,W2,ego_cluster_mean_size,1 2 3 4 5,5.0,6.298087988512448,0.00504893685989694
enron,EgoNet-APM-W2,APM,W2,ego_cluster_mean_density,1 2 3 4 5,5.0,0.8313134143295944,0.0005280514743246012
enron,EgoNet-APM-W2,APM,W2,ego_cluster_density_p10,1 2 3 4 5,5.0,0.5,0.0
enron,EgoNet-APM-W2,APM,W2,ego_cluster_density_p25,1 2 3 4 5,5.0,0.6666666666666666,0.0
enron,EgoNet-APM-W2,APM,W2,ego_cluster_density_p50,1 2 3 4 5,5.0,1.0,0.0
enron,EgoNet-APM-W2,APM,W2,ego_cluster_density_p75,1 2 3 4 5,5.0,1.0,0.0
enron,EgoNet-APM-W2,APM,W2,ego_cluster_density_p90,1 2 3 4 5,5.0,1.0,0.0
enron,EgoNet-APM-W2,APM,W2,ego_cluster_mean_conductance,1 2 3 4 5,5.0,0.3186267439231707,0.00038382240978199645
enron,EgoNet-APM-W2,APM,W2,ego_cluster_conductance_p10,1 2 3 4 5,5.0,0.0,0.0
enron,EgoNet-APM-W2,APM,W2,ego_cluster_conductance_p25,1 2 3 4 5,5.0,0.0,0.0
enron,EgoNet-APM-W2,APM,W2,ego_cluster_conductance_p50,1 2 3 4 5,5.0,0.2,0.0
enron,EgoNet-APM-W2,APM,W2,ego_cluster_conductance_p75,1 2 3 4 5,5.0,0.6556829391791532,0.0021240289487507824
enron,EgoNet-APM-W2,APM,W2,ego_cluster_conductance_p90,1 2 3 4 5,5.0,0.8181818181818182,0.0
enron,EgoNet-APM-W3,APM,W3,runtime_sec,1 2 3 4 5,5.0,6.218592716613784,0.23251874173776513
enron,EgoNet-APM-W3,APM,W3,auc,1 2 3 4 5,5.0,0.9333453,0.004042024594803943
enron,EgoNet-APM-W3,APM,W3,average_precision,1 2 3 4 5,5.0,0.9331110281092748,0.003928624043711584
enron,EgoNet-APM-W3,APM,W3,ego_cluster_count,1 2 3 4 5,5.0,53570.0,43.45687517528153
enron,EgoNet-APM-W3,APM,W3,ego_cluster_mean_size,1 2 3 4 5,5.0,6.298087988512448,0.00504893685989694
enron,EgoNet-APM-W3,APM,W3,ego_cluster_mean_density,1 2 3 4 5,5.0,0.8313134143295944,0.0005280514743246012
enron,EgoNet-APM-W3,APM,W3,ego_cluster_density_p10,1 2 3 4 5,5.0,0.5,0.0
enron,EgoNet-APM-W3,APM,W3,ego_cluster_density_p25,1 2 3 4 5,5.0,0.6666666666666666,0.0
enron,EgoNet-APM-W3,APM,W3,ego_cluster_density_p50,1 2 3 4 5,5.0,1.0,0.0
enron,EgoNet-APM-W3,APM,W3,ego_cluster_density_p75,1 2 3 4 5,5.0,1.0,0.0
enron,EgoNet-APM-W3,APM,W3,ego_cluster_density_p90,1 2 3 4 5,5.0,1.0,0.0
enron,EgoNet-APM-W3,APM,W3,ego_cluster_mean_conductance,1 2 3 4 5,5.0,0.3186267439231707,0.00038382240978199645
enron,EgoNet-APM-W3,APM,W3,ego_cluster_conductance_p10,1 2 3 4 5,5.0,0.0,0.0
enron,EgoNet-APM-W3,APM,W3,ego_cluster_conductance_p25,1 2 3 4 5,5.0,0.0,0.0
enron,EgoNet-APM-W3,APM,W3,ego_cluster_conductance_p50,1 2 3 4 5,5.0,0.2,0.0
enron,EgoNet-APM-W3,APM,W3,ego_cluster_conductance_p75,1 2 3 4 5,5.0,0.6556829391791532,0.0021240289487507824
enron,EgoNet-APM-W3,APM,W3,ego_cluster_conductance_p90,1 2 3 4 5,5.0,0.8181818181818182,0.0
enron,EgoNet-APM-W4,APM,W4,runtime_sec,1 2 3 4 5,5.0,6.218592716613784,0.23251874173776513
enron,EgoNet-APM-W4,APM,W4,auc,1 2 3 4 5,5.0,0.9339577,0.0039715739417767034
enron,EgoNet-APM-W4,APM,W4,average_precision,1 2 3 4 5,5.0,0.9338477547278803,0.003839438074219106
enron,EgoNet-APM-W4,APM,W4,ego_cluster_count,1 2 3 4 5,5.0,53570.0,43.45687517528153
enron,EgoNet-APM-W4,APM,W4,ego_cluster_mean_size,1 2 3 4 5,5.0,6.298087988512448,0.00504893685989694
enron,EgoNet-APM-W4,APM,W4,ego_cluster_mean_density,1 2 3 4 5,5.0,0.8313134143295944,0.0005280514743246012
enron,EgoNet-APM-W4,APM,W4,ego_cluster_density_p10,1 2 3 4 5,5.0,0.5,0.0
enron,EgoNet-APM-W4,APM,W4,ego_cluster_density_p25,1 2 3 4 5,5.0,0.6666666666666666,0.0
enron,EgoNet-APM-W4,APM,W4,ego_cluster_density_p50,1 2 3 4 5,5.0,1.0,0.0
enron,EgoNet-APM-W4,APM,W4,ego_cluster_density_p75,1 2 3 4 5,5.0,1.0,0.0
enron,EgoNet-APM-W4,APM,W4,ego_cluster_density_p90,1 2 3 4 5,5.0,1.0,0.0
enron,EgoNet-APM-W4,APM,W4,ego_cluster_mean_conductance,1 2 3 4 5,5.0,0.3186267439231707,0.00038382240978199645
enron,EgoNet-APM-W4,APM,W4,ego_cluster_conductance_p10,1 2 3 4 5,5.0,0.0,0.0
enron,EgoNet-APM-W4,APM,W4,ego_cluster_conductance_p25,1 2 3 4 5,5.0,0.0,0.0
enron,EgoNet-APM-W4,APM,W4,ego_cluster_conductance_p50,1 2 3 4 5,5.0,0.2,0.0
enron,EgoNet-APM-W4,APM,W4,ego_cluster_conductance_p75,1 2 3 4 5,5.0,0.6556829391791532,0.0021240289487507824
enron,EgoNet-APM-W4,APM,W4,ego_cluster_conductance_p90,1 2 3 4 5,5.0,0.8181818181818182,0.0
enron,EgoNet-CC-W1,CC,W1,runtime_sec,1 2 3 4 5,5.0,1.8083369502797724,0.07029656780250375
enron,EgoNet-CC-W1,CC,W1,auc,1 2 3 4 5,5.0,0.9797916,0.003461790421877097
enron,EgoNet-CC-W1,CC,W1,average_precision,1 2 3 4 5,5.0,0.9795704128189546,0.003568866196696253
enron,EgoNet-CC-W1,CC,W1,ego_cluster_count,1 2 3 4 5,5.0,27168.4,17.952715672009067
enron,EgoNet-CC-W1,CC,W1,ego_cluster_mean_size,1 2 3 4 5,5.0,12.418652256069997,0.007918410217313935
enron,EgoNet-CC-W1,CC,W1,ego_cluster_mean_density,1 2 3 4 5,5.0,0.8049449496553008,0.00018551929577159605
enron,EgoNet-CC-W1,CC,W1,ego_cluster_density_p10,1 2 3 4 5,5.0,0.3333333333333333,0.0
enron,EgoNet-CC-W1,CC,W1,ego_cluster_density_p25,1 2 3 4 5,5.0,0.6128205128205129,0.0023406946901930095
enron,EgoNet-CC-W1,CC,W1,ego_cluster_density_p50,1 2 3 4 5,5.0,1.0,0.0
enron,EgoNet-CC-W1,CC,W1,ego_cluster_density_p75,1 2 3 4 5,5.0,1.0,0.0
enron,EgoNet-CC-W1,CC,W1,ego_cluster_density_p90,1 2 3 4 5,5.0,1.0,0.0
enron,EgoNet-CC-W1,CC,W1,ego_cluster_mean_conductance,1 2 3 4 5,5.0,0.0,0.0
enron,EgoNet-CC-W1,CC,W1,ego_cluster_conductance_p10,1 2 3 4 5,5.0,0.0,0.0
enron,EgoNet-CC-W1,CC,W1,ego_cluster_conductance_p25,1 2 3 4 5,5.0,0.0,0.0
enron,EgoNet-CC-W1,CC,W1,ego_cluster_conductance_p50,1 2 3 4 5,5.0,0.0,0.0
enron,EgoNet-CC-W1,CC,W1,ego_cluster_conductance_p75,1 2 3 4 5,5.0,0.0,0.0
enron,EgoNet-CC-W1,CC,W1,ego_cluster_conductance_p90,1 2 3 4 5,5.0,0.0,0.0
enron,EgoNet-CC-W2,CC,W2,runtime_sec,1 2 3 4 5,5.0,1.8083369502797724,0.07029656780250375
enron,EgoNet-CC-W2,CC,W2,auc,1 2 3 4 5,5.0,0.9801523,0.003259248103474173
enron,EgoNet-CC-W2,CC,W2,average_precision,1 2 3 4 5,5.0,0.9802538609106931,0.003267007742241084
enron,EgoNet-CC-W2,CC,W2,ego_cluster_count,1 2 3 4 5,5.0,27168.4,17.952715672009067
enron,EgoNet-CC-W2,CC,W2,ego_cluster_mean_size,1 2 3 4 5,5.0,12.418652256069997,0.007918410217313935
enron,EgoNet-CC-W2,CC,W2,ego_cluster_mean_density,1 2 3 4 5,5.0,0.8049449496553008,0.00018551929577159605
enron,EgoNet-CC-W2,CC,W2,ego_cluster_density_p10,1 2 3 4 5,5.0,0.3333333333333333,0.0
enron,EgoNet-CC-W2,CC,W2,ego_cluster_density_p25,1 2 3 4 5,5.0,0.6128205128205129,0.0023406946901930095
enron,EgoNet-CC-W2,CC,W2,ego_cluster_density_p50,1 2 3 4 5,5.0,1.0,0.0
enron,EgoNet-CC-W2,CC,W2,ego_cluster_density_p75,1 2 3 4 5,5.0,1.0,0.0
enron,EgoNet-CC-W2,CC,W2,ego_cluster_density_p90,1 2 3 4 5,5.0,1.0,0.0
enron,EgoNet-CC-W2,CC,W2,ego_cluster_mean_conductance,1 2 3 4 5,5.0,0.0,0.0
enron,EgoNet-CC-W2,CC,W2,ego_cluster_conductance_p10,1 2 3 4 5,5.0,0.0,0.0
enron,EgoNet-CC-W2,CC,W2,ego_cluster_conductance_p25,1 2 3 4 5,5.0,0.0,0.0
enron,EgoNet-CC-W2,CC,W2,ego_cluster_conductance_p50,1 2 3 4 5,5.0,0.0,0.0
enron,EgoNet-CC-W2,CC,W2,ego_cluster_conductance_p75,1 2 3 4 5,5.0,0.0,0.0
enron,EgoNet-CC-W2,CC,W2,ego_cluster_conductance_p90,1 2 3 4 5,5.0,0.0,0.0
enron,EgoNet-CC-W3,CC,W3,runtime_sec,1 2 3 4 5,5.0,1.8083369502797724,0.07029656780250375
enron,EgoNet-CC-W3,CC,W3,auc,1 2 3 4 5,5.0,0.9742452,0.004294246391976131
enron,EgoNet-CC-W3,CC,W3,average_precision,1 2 3 4 5,5.0,0.9739972890558947,0.004473737740610911
enron,EgoNet-CC-W3,CC,W3,ego_cluster_count,1 2 3 4 5,5.0,27168.4,17.952715672009067
enron,EgoNet-CC-W3,CC,W3,ego_cluster_mean_size,1 2 3 4 5,5.0,12.418652256069997,0.007918410217313935
enron,EgoNet-CC-W3,CC,W3,ego_cluster_mean_density,1 2 3 4 5,5.0,0.8049449496553008,0.00018551929577159605
enron,EgoNet-CC-W3,CC,W3,ego_cluster_density_p10,1 2 3 4 5,5.0,0.3333333333333333,0.0
enron,EgoNet-CC-W3,CC,W3,ego_cluster_density_p25,1 2 3 4 5,5.0,0.6128205128205129,0.0023406946901930095
enron,EgoNet-CC-W3,CC,W3,ego_cluster_density_p50,1 2 3 4 5,5.0,1.0,0.0
enron,EgoNet-CC-W3,CC,W3,ego_cluster_density_p75,1 2 3 4 5,5.0,1.0,0.0
enron,EgoNet-CC-W3,CC,W3,ego_cluster_density_p90,1 2 3 4 5,5.0,1.0,0.0
enron,EgoNet-CC-W3,CC,W3,ego_cluster_mean_conductance,1 2 3 4 5,5.0,0.0,0.0
enron,EgoNet-CC-W3,CC,W3,ego_cluster_conductance_p10,1 2 3 4 5,5.0,0.0,0.0
enron,EgoNet-CC-W3,CC,W3,ego_cluster_conductance_p25,1 2 3 4 5,5.0,0.0,0.0
enron,EgoNet-CC-W3,CC,W3,ego_cluster_conductance_p50,1 2 3 4 5,5.0,0.0,0.0
enron,EgoNet-CC-W3,CC,W3,ego_cluster_conductance_p75,1 2 3 4 5,5.0,0.0,0.0
enron,EgoNet-CC-W3,CC,W3,ego_cluster_conductance_p90,1 2 3 4 5,5.0,0.0,0.0
enron,EgoNet-CC-W4,CC,W4,runtime_sec,1 2 3 4 5,5.0,1.8083369502797724,0.07029656780250375
enron,EgoNet-CC-W4,CC,W4,auc,1 2 3 4 5,5.0,0.9800231,0.003227178458034192
enron,EgoNet-CC-W4,CC,W4,average_precision,1 2 3 4 5,5.0,0.9801037995288195,0.0032354849791686284
enron,EgoNet-CC-W4,CC,W4,ego_cluster_count,1 2 3 4 5,5.0,27168.4,17.952715672009067
enron,EgoNet-CC-W4,CC,W4,ego_cluster_mean_size,1 2 3 4 5,5.0,12.418652256069997,0.007918410217313935
enron,EgoNet-CC-W4,CC,W4,ego_cluster_mean_density,1 2 3 4 5,5.0,0.8049449496553008,0.00018551929577159605
enron,EgoNet-CC-W4,CC,W4,ego_cluster_density_p10,1 2 3 4 5,5.0,0.3333333333333333,0.0
enron,EgoNet-CC-W4,CC,W4,ego_cluster_density_p25,1 2 3 4 5,5.0,0.6128205128205129,0.0023406946901930095
enron,EgoNet-CC-W4,CC,W4,ego_cluster_density_p50,1 2 3 4 5,5.0,1.0,0.0
enron,EgoNet-CC-W4,CC,W4,ego_cluster_density_p75,1 2 3 4 5,5.0,1.0,0.0
enron,EgoNet-CC-W4,CC,W4,ego_cluster_density_p90,1 2 3 4 5,5.0,1.0,0.0
enron,EgoNet-CC-W4,CC,W4,ego_cluster_mean_conductance,1 2 3 4 5,5.0,0.0,0.0
enron,EgoNet-CC-W4,CC,W4,ego_cluster_conductance_p10,1 2 3 4 5,5.0,0.0,0.0
enron,EgoNet-CC-W4,CC,W4,ego_cluster_conductance_p25,1 2 3 4 5,5.0,0.0,0.0
enron,EgoNet-CC-W4,CC,W4,ego_cluster_conductance_p50,1 2 3 4 5,5.0,0.0,0.0
enron,EgoNet-CC-W4,CC,W4,ego_cluster_conductance_p75,1 2 3 4 5,5.0,0.0,0.0
enron,EgoNet-CC-W4,CC,W4,ego_cluster_conductance_p90,1 2 3 4 5,5.0,0.0,0.0
enron,Louvain,global,community_common_neighbors,runtime_sec,1 2 3 4 5,5.0,1.9259016750380398,0.29381745173472623
enron,Louvain,global,community_common_neighbors,modularity,1 2 3 4 5,5.0,0.6149549413124268,0.0028276812038244277
enron,Louvain,global,community_common_neighbors,coverage,1 2 3 4 5,5.0,0.7303586372114138,0.015381440528842704
enron,Louvain,global,community_common_neighbors,mean_density,1 2 3 4 5,5.0,0.8846595175924225,0.0032846555126647367
enron,Louvain,global,community_common_neighbors,mean_conductance,1 2 3 4 5,5.0,0.015469559724036956,0.0019392631127730013
enron,Louvain,global,community_common_neighbors,auc,1 2 3 4 5,5.0,0.9699488,0.0031024600843524053
enron,Louvain,global,community_common_neighbors,average_precision,1 2 3 4 5,5.0,0.9583584838541409,0.0038084010824807873
enron,Louvain,global,community_common_neighbors,ego_cluster_count,1 2 3 4 5,5.0,0.0,0.0
enron,Louvain,global,community_common_neighbors,ego_cluster_mean_size,1 2 3 4 5,5.0,0.0,0.0
enron,Louvain,global,community_common_neighbors,ego_cluster_mean_density,1 2 3 4 5,5.0,0.0,0.0
enron,Louvain,global,community_common_neighbors,ego_cluster_density_p10,1 2 3 4 5,5.0,0.0,0.0
enron,Louvain,global,community_common_neighbors,ego_cluster_density_p25,1 2 3 4 5,5.0,0.0,0.0
enron,Louvain,global,community_common_neighbors,ego_cluster_density_p50,1 2 3 4 5,5.0,0.0,0.0
enron,Louvain,global,community_common_neighbors,ego_cluster_density_p75,1 2 3 4 5,5.0,0.0,0.0
enron,Louvain,global,community_common_neighbors,ego_cluster_density_p90,1 2 3 4 5,5.0,0.0,0.0
enron,Louvain,global,community_common_neighbors,ego_cluster_mean_conductance,1 2 3 4 5,5.0,0.0,0.0
enron,Louvain,global,community_common_neighbors,ego_cluster_conductance_p10,1 2 3 4 5,5.0,0.0,0.0
enron,Louvain,global,community_common_neighbors,ego_cluster_conductance_p25,1 2 3 4 5,5.0,0.0,0.0
enron,Louvain,global,community_common_neighbors,ego_cluster_conductance_p50,1 2 3 4 5,5.0,0.0,0.0
enron,Louvain,global,community_common_neighbors,ego_cluster_conductance_p75,1 2 3 4 5,5.0,0.0,0.0
enron,Louvain,global,community_common_neighbors,ego_cluster_conductance_p90,1 2 3 4 5,5.0,0.0,0.0
facebook,EgoNet-APM-W1,APM,W1,runtime_sec,1 2 3 4 5,5.0,3.9858439080417156,0.05832614111872824
facebook,EgoNet-APM-W1,APM,W1,auc,1 2 3 4 5,5.0,0.9811594705909575,0.0034693582150449355
facebook,EgoNet-APM-W1,APM,W1,average_precision,1 2 3 4 5,5.0,0.9801906140576185,0.0037097622003510783
facebook,EgoNet-APM-W1,APM,W1,ego_cluster_count,1 2 3 4 5,5.0,7454.8,21.15892246783848
facebook,EgoNet-APM-W1,APM,W1,ego_cluster_mean_size,1 2 3 4 5,5.0,23.412205913697807,0.06574034272737439
facebook,EgoNet-APM-W1,APM,W1,ego_cluster_mean_density,1 2 3 4 5,5.0,0.7266523030614838,0.0018856163248573614
facebook,EgoNet-APM-W1,APM,W1,ego_cluster_density_p10,1 2 3 4 5,5.0,0.5,0.0
facebook,EgoNet-APM-W1,APM,W1,ego_cluster_density_p25,1 2 3 4 5,5.0,0.5783664554840358,0.0012425447431268473
facebook,EgoNet-APM-W1,APM,W1,ego_cluster_density_p50,1 2 3 4 5,5.0,0.6678396020882147,0.0016417782000861482
facebook,EgoNet-APM-W1,APM,W1,ego_cluster_density_p75,1 2 3 4 5,5.0,0.9194574787957142,0.012992957354757098
facebook,EgoNet-APM-W1,APM,W1,ego_cluster_density_p90,1 2 3 4 5,5.0,1.0,0.0
facebook,EgoNet-APM-W1,APM,W1,ego_cluster_mean_conductance,1 2 3 4 5,5.0,0.3306930156486834,0.00133740350520821
facebook,EgoNet-APM-W1,APM,W1,ego_cluster_conductance_p10,1 2 3 4 5,5.0,0.0,0.0
facebook,EgoNet-APM-W1,APM,W1,ego_cluster_conductance_p25,1 2 3 4 5,5.0,0.0,0.0
facebook,EgoNet-APM-W1,APM,W1,ego_cluster_conductance_p50,1 2 3 4 5,5.0,0.13965841029954834,0.0037607688818475636
facebook,EgoNet-APM-W1,APM,W1,ego_cluster_conductance_p75,1 2 3 4 5,5.0,0.6858332040791127,0.004988045897658587
facebook,EgoNet-APM-W1,APM,W1,ego_cluster_conductance_p90,1 2 3 4 5,5.0,0.8670872661036596,0.0009404889324142319
facebook,EgoNet-APM-W2,APM,W2,runtime_sec,1 2 3 4 5,5.0,3.9858439080417156,0.05832614111872824
facebook,EgoNet-APM-W2,APM,W2,auc,1 2 3 4 5,5.0,0.9811761817349767,0.0034941451567237504
facebook,EgoNet-APM-W2,APM,W2,average_precision,1 2 3 4 5,5.0,0.9803054779025182,0.003738509385407954
facebook,EgoNet-APM-W2,APM,W2,ego_cluster_count,1 2 3 4 5,5.0,7454.8,21.15892246783848
facebook,EgoNet-APM-W2,APM,W2,ego_cluster_mean_size,1 2 3 4 5,5.0,23.412205913697807,0.06574034272737439
facebook,EgoNet-APM-W2,APM,W2,ego_cluster_mean_density,1 2 3 4 5,5.0,0.7266523030614838,0.0018856163248573614
facebook,EgoNet-APM-W2,APM,W2,ego_cluster_density_p10,1 2 3 4 5,5.0,0.5,0.0
facebook,EgoNet-APM-W2,APM,W2,ego_cluster_density_p25,1 2 3 4 5,5.0,0.5783664554840358,0.0012425447431268473
facebook,EgoNet-APM-W2,APM,W2,ego_cluster_density_p50,1 2 3 4 5,5.0,0.6678396020882147,0.0016417782000861482
facebook,EgoNet-APM-W2,APM,W2,ego_cluster_density_p75,1 2 3 4 5,5.0,0.9194574787957142,0.012992957354757098
facebook,EgoNet-APM-W2,APM,W2,ego_cluster_density_p90,1 2 3 4 5,5.0,1.0,0.0
facebook,EgoNet-APM-W2,APM,W2,ego_cluster_mean_conductance,1 2 3 4 5,5.0,0.3306930156486834,0.00133740350520821
facebook,EgoNet-APM-W2,APM,W2,ego_cluster_conductance_p10,1 2 3 4 5,5.0,0.0,0.0
facebook,EgoNet-APM-W2,APM,W2,ego_cluster_conductance_p25,1 2 3 4 5,5.0,0.0,0.0
facebook,EgoNet-APM-W2,APM,W2,ego_cluster_conductance_p50,1 2 3 4 5,5.0,0.13965841029954834,0.0037607688818475636
facebook,EgoNet-APM-W2,APM,W2,ego_cluster_conductance_p75,1 2 3 4 5,5.0,0.6858332040791127,0.004988045897658587
facebook,EgoNet-APM-W2,APM,W2,ego_cluster_conductance_p90,1 2 3 4 5,5.0,0.8670872661036596,0.0009404889324142319
facebook,EgoNet-APM-W3,APM,W3,runtime_sec,1 2 3 4 5,5.0,3.9858439080417156,0.05832614111872824
facebook,EgoNet-APM-W3,APM,W3,auc,1 2 3 4 5,5.0,0.9805684102817241,0.0037133452789930906
facebook,EgoNet-APM-W3,APM,W3,average_precision,1 2 3 4 5,5.0,0.9796379929863873,0.004011095570124762
facebook,EgoNet-APM-W3,APM,W3,ego_cluster_count,1 2 3 4 5,5.0,7454.8,21.15892246783848
facebook,EgoNet-APM-W3,APM,W3,ego_cluster_mean_size,1 2 3 4 5,5.0,23.412205913697807,0.06574034272737439
facebook,EgoNet-APM-W3,APM,W3,ego_cluster_mean_density,1 2 3 4 5,5.0,0.7266523030614838,0.0018856163248573614
facebook,EgoNet-APM-W3,APM,W3,ego_cluster_density_p10,1 2 3 4 5,5.0,0.5,0.0
facebook,EgoNet-APM-W3,APM,W3,ego_cluster_density_p25,1 2 3 4 5,5.0,0.5783664554840358,0.0012425447431268473
facebook,EgoNet-APM-W3,APM,W3,ego_cluster_density_p50,1 2 3 4 5,5.0,0.6678396020882147,0.0016417782000861482
facebook,EgoNet-APM-W3,APM,W3,ego_cluster_density_p75,1 2 3 4 5,5.0,0.9194574787957142,0.012992957354757098
facebook,EgoNet-APM-W3,APM,W3,ego_cluster_density_p90,1 2 3 4 5,5.0,1.0,0.0
facebook,EgoNet-APM-W3,APM,W3,ego_cluster_mean_conductance,1 2 3 4 5,5.0,0.3306930156486834,0.00133740350520821
facebook,EgoNet-APM-W3,APM,W3,ego_cluster_conductance_p10,1 2 3 4 5,5.0,0.0,0.0
facebook,EgoNet-APM-W3,APM,W3,ego_cluster_conductance_p25,1 2 3 4 5,5.0,0.0,0.0
facebook,EgoNet-APM-W3,APM,W3,ego_cluster_conductance_p50,1 2 3 4 5,5.0,0.13965841029954834,0.0037607688818475636
facebook,EgoNet-APM-W3,APM,W3,ego_cluster_conductance_p75,1 2 3 4 5,5.0,0.6858332040791127,0.004988045897658587
facebook,EgoNet-APM-W3,APM,W3,ego_cluster_conductance_p90,1 2 3 4 5,5.0,0.8670872661036596,0.0009404889324142319
facebook,EgoNet-APM-W4,APM,W4,runtime_sec,1 2 3 4 5,5.0,3.9858439080417156,0.05832614111872824
facebook,EgoNet-APM-W4,APM,W4,auc,1 2 3 4 5,5.0,0.9817070819257409,0.0034934170550504017
facebook,EgoNet-APM-W4,APM,W4,average_precision,1 2 3 4 5,5.0,0.9811606890877793,0.0037584134979347325
facebook,EgoNet-APM-W4,APM,W4,ego_cluster_count,1 2 3 4 5,5.0,7454.8,21.15892246783848
facebook,EgoNet-APM-W4,APM,W4,ego_cluster_mean_size,1 2 3 4 5,5.0,23.412205913697807,0.06574034272737439
facebook,EgoNet-APM-W4,APM,W4,ego_cluster_mean_density,1 2 3 4 5,5.0,0.7266523030614838,0.0018856163248573614
facebook,EgoNet-APM-W4,APM,W4,ego_cluster_density_p10,1 2 3 4 5,5.0,0.5,0.0
facebook,EgoNet-APM-W4,APM,W4,ego_cluster_density_p25,1 2 3 4 5,5.0,0.5783664554840358,0.0012425447431268473
facebook,EgoNet-APM-W4,APM,W4,ego_cluster_density_p50,1 2 3 4 5,5.0,0.6678396020882147,0.0016417782000861482
facebook,EgoNet-APM-W4,APM,W4,ego_cluster_density_p75,1 2 3 4 5,5.0,0.9194574787957142,0.012992957354757098
facebook,EgoNet-APM-W4,APM,W4,ego_cluster_density_p90,1 2 3 4 5,5.0,1.0,0.0
facebook,EgoNet-APM-W4,APM,W4,ego_cluster_mean_conductance,1 2 3 4 5,5.0,0.3306930156486834,0.00133740350520821
facebook,EgoNet-APM-W4,APM,W4,ego_cluster_conductance_p10,1 2 3 4 5,5.0,0.0,0.0
facebook,EgoNet-APM-W4,APM,W4,ego_cluster_conductance_p25,1 2 3 4 5,5.0,0.0,0.0
facebook,EgoNet-APM-W4,APM,W4,ego_cluster_conductance_p50,1 2 3 4 5,5.0,0.13965841029954834,0.0037607688818475636
facebook,EgoNet-APM-W4,APM,W4,ego_cluster_conductance_p75,1 2 3 4 5,5.0,0.6858332040791127,0.004988045897658587
facebook,EgoNet-APM-W4,APM,W4,ego_cluster_conductance_p90,1 2 3 4 5,5.0,0.8670872661036596,0.0009404889324142319
facebook,EgoNet-CC-W1,CC,W1,runtime_sec,1 2 3 4 5,5.0,2.369671841757372,0.11194015302579984
facebook,EgoNet-CC-W1,CC,W1,auc,1 2 3 4 5,5.0,0.993348707585831,0.0022422097985047135
facebook,EgoNet-CC-W1,CC,W1,average_precision,1 2 3 4 5,5.0,0.9918833841250555,0.0024202223324678025
facebook,EgoNet-CC-W1,CC,W1,ego_cluster_count,1 2 3 4 5,5.0,3981.6,1.140175425099138
facebook,EgoNet-CC-W1,CC,W1,ego_cluster_mean_size,1 2 3 4 5,5.0,43.83705346943709,0.01332248504708507
facebook,EgoNet-CC-W1,CC,W1,ego_cluster_mean_density,1 2 3 4 5,5.0,0.6140604144853793,0.0004059073508804115
facebook,EgoNet-CC-W1,CC,W1,ego_cluster_density_p10,1 2 3 4 5,5.0,0.36279411109982684,0.0006128997898188939
facebook,EgoNet-CC-W1,CC,W1,ego_cluster_density_p25,1 2 3 4 5,5.0,0.4718627888119413,0.0004977360193183507
facebook,EgoNet-CC-W1,CC,W1,ego_cluster_density_p50,1 2 3 4 5,5.0,0.5999315284178187,0.00015310711228426523
facebook,EgoNet-CC-W1,CC,W1,ego_cluster_density_p75,1 2 3 4 5,5.0,0.7512091520302553,0.0008487803192299367
facebook,EgoNet-CC-W1,CC,W1,ego_cluster_density_p90,1 2 3 4 5,5.0,0.9021292041292043,0.002274252829275338
facebook,EgoNet-CC-W1,CC,W1,ego_cluster_mean_conductance,1 2 3 4 5,5.0,0.0,0.0
facebook,EgoNet-CC-W1,CC,W1,ego_cluster_conductance_p10,1 2 3 4 5,5.0,0.0,0.0
facebook,EgoNet-CC-W1,CC,W1,ego_cluster_conductance_p25,1 2 3 4 5,5.0,0.0,0.0
facebook,EgoNet-CC-W1,CC,W1,ego_cluster_conductance_p50,1 2 3 4 5,5.0,0.0,0.0
facebook,EgoNet-CC-W1,CC,W1,ego_cluster_conductance_p75,1 2 3 4 5,5.0,0.0,0.0
facebook,EgoNet-CC-W1,CC,W1,ego_cluster_conductance_p90,1 2 3 4 5,5.0,0.0,0.0
facebook,EgoNet-CC-W2,CC,W2,runtime_sec,1 2 3 4 5,5.0,2.369671841757372,0.11194015302579984
facebook,EgoNet-CC-W2,CC,W2,auc,1 2 3 4 5,5.0,0.9931756829716013,0.002269875192948074
facebook,EgoNet-CC-W2,CC,W2,average_precision,1 2 3 4 5,5.0,0.9920221632399915,0.0023946811991866707
facebook,EgoNet-CC-W2,CC,W2,ego_cluster_count,1 2 3 4 5,5.0,3981.6,1.140175425099138
facebook,EgoNet-CC-W2,CC,W2,ego_cluster_mean_size,1 2 3 4 5,5.0,43.83705346943709,0.01332248504708507
facebook,EgoNet-CC-W2,CC,W2,ego_cluster_mean_density,1 2 3 4 5,5.0,0.6140604144853793,0.0004059073508804115
facebook,EgoNet-CC-W2,CC,W2,ego_cluster_density_p10,1 2 3 4 5,5.0,0.36279411109982684,0.0006128997898188939
facebook,EgoNet-CC-W2,CC,W2,ego_cluster_density_p25,1 2 3 4 5,5.0,0.4718627888119413,0.0004977360193183507
facebook,EgoNet-CC-W2,CC,W2,ego_cluster_density_p50,1 2 3 4 5,5.0,0.5999315284178187,0.00015310711228426523
facebook,EgoNet-CC-W2,CC,W2,ego_cluster_density_p75,1 2 3 4 5,5.0,0.7512091520302553,0.0008487803192299367
facebook,EgoNet-CC-W2,CC,W2,ego_cluster_density_p90,1 2 3 4 5,5.0,0.9021292041292043,0.002274252829275338
facebook,EgoNet-CC-W2,CC,W2,ego_cluster_mean_conductance,1 2 3 4 5,5.0,0.0,0.0
facebook,EgoNet-CC-W2,CC,W2,ego_cluster_conductance_p10,1 2 3 4 5,5.0,0.0,0.0
facebook,EgoNet-CC-W2,CC,W2,ego_cluster_conductance_p25,1 2 3 4 5,5.0,0.0,0.0
facebook,EgoNet-CC-W2,CC,W2,ego_cluster_conductance_p50,1 2 3 4 5,5.0,0.0,0.0
facebook,EgoNet-CC-W2,CC,W2,ego_cluster_conductance_p75,1 2 3 4 5,5.0,0.0,0.0
facebook,EgoNet-CC-W2,CC,W2,ego_cluster_conductance_p90,1 2 3 4 5,5.0,0.0,0.0
facebook,EgoNet-CC-W3,CC,W3,runtime_sec,1 2 3 4 5,5.0,2.369671841757372,0.11194015302579984
facebook,EgoNet-CC-W3,CC,W3,auc,1 2 3 4 5,5.0,0.990714388552095,0.0027580332129784812
facebook,EgoNet-CC-W3,CC,W3,average_precision,1 2 3 4 5,5.0,0.9894750988879873,0.003042964054777533
facebook,EgoNet-CC-W3,CC,W3,ego_cluster_count,1 2 3 4 5,5.0,3981.6,1.140175425099138
facebook,EgoNet-CC-W3,CC,W3,ego_cluster_mean_size,1 2 3 4 5,5.0,43.83705346943709,0.01332248504708507
facebook,EgoNet-CC-W3,CC,W3,ego_cluster_mean_density,1 2 3 4 5,5.0,0.6140604144853793,0.0004059073508804115
facebook,EgoNet-CC-W3,CC,W3,ego_cluster_density_p10,1 2 3 4 5,5.0,0.36279411109982684,0.0006128997898188939
facebook,EgoNet-CC-W3,CC,W3,ego_cluster_density_p25,1 2 3 4 5,5.0,0.4718627888119413,0.0004977360193183507
facebook,EgoNet-CC-W3,CC,W3,ego_cluster_density_p50,1 2 3 4 5,5.0,0.5999315284178187,0.00015310711228426523
facebook,EgoNet-CC-W3,CC,W3,ego_cluster_density_p75,1 2 3 4 5,5.0,0.7512091520302553,0.0008487803192299367
facebook,EgoNet-CC-W3,CC,W3,ego_cluster_density_p90,1 2 3 4 5,5.0,0.9021292041292043,0.002274252829275338
facebook,EgoNet-CC-W3,CC,W3,ego_cluster_mean_conductance,1 2 3 4 5,5.0,0.0,0.0
facebook,EgoNet-CC-W3,CC,W3,ego_cluster_conductance_p10,1 2 3 4 5,5.0,0.0,0.0
facebook,EgoNet-CC-W3,CC,W3,ego_cluster_conductance_p25,1 2 3 4 5,5.0,0.0,0.0
facebook,EgoNet-CC-W3,CC,W3,ego_cluster_conductance_p50,1 2 3 4 5,5.0,0.0,0.0
facebook,EgoNet-CC-W3,CC,W3,ego_cluster_conductance_p75,1 2 3 4 5,5.0,0.0,0.0
facebook,EgoNet-CC-W3,CC,W3,ego_cluster_conductance_p90,1 2 3 4 5,5.0,0.0,0.0
facebook,EgoNet-CC-W4,CC,W4,runtime_sec,1 2 3 4 5,5.0,2.369671841757372,0.11194015302579984
facebook,EgoNet-CC-W4,CC,W4,auc,1 2 3 4 5,5.0,0.9936325399396342,0.0021860450877787233
facebook,EgoNet-CC-W4,CC,W4,average_precision,1 2 3 4 5,5.0,0.9929786154668171,0.0023090465168904345
facebook,EgoNet-CC-W4,CC,W4,ego_cluster_count,1 2 3 4 5,5.0,3981.6,1.140175425099138
facebook,EgoNet-CC-W4,CC,W4,ego_cluster_mean_size,1 2 3 4 5,5.0,43.83705346943709,0.01332248504708507
facebook,EgoNet-CC-W4,CC,W4,ego_cluster_mean_density,1 2 3 4 5,5.0,0.6140604144853793,0.0004059073508804115
facebook,EgoNet-CC-W4,CC,W4,ego_cluster_density_p10,1 2 3 4 5,5.0,0.36279411109982684,0.0006128997898188939
facebook,EgoNet-CC-W4,CC,W4,ego_cluster_density_p25,1 2 3 4 5,5.0,0.4718627888119413,0.0004977360193183507
facebook,EgoNet-CC-W4,CC,W4,ego_cluster_density_p50,1 2 3 4 5,5.0,0.5999315284178187,0.00015310711228426523
facebook,EgoNet-CC-W4,CC,W4,ego_cluster_density_p75,1 2 3 4 5,5.0,0.7512091520302553,0.0008487803192299367
facebook,EgoNet-CC-W4,CC,W4,ego_cluster_density_p90,1 2 3 4 5,5.0,0.9021292041292043,0.002274252829275338
facebook,EgoNet-CC-W4,CC,W4,ego_cluster_mean_conductance,1 2 3 4 5,5.0,0.0,0.0
facebook,EgoNet-CC-W4,CC,W4,ego_cluster_conductance_p10,1 2 3 4 5,5.0,0.0,0.0
facebook,EgoNet-CC-W4,CC,W4,ego_cluster_conductance_p25,1 2 3 4 5,5.0,0.0,0.0
facebook,EgoNet-CC-W4,CC,W4,ego_cluster_conductance_p50,1 2 3 4 5,5.0,0.0,0.0
facebook,EgoNet-CC-W4,CC,W4,ego_cluster_conductance_p75,1 2 3 4 5,5.0,0.0,0.0
facebook,EgoNet-CC-W4,CC,W4,ego_cluster_conductance_p90,1 2 3 4 5,5.0,0.0,0.0
facebook,Louvain,global,community_common_neighbors,runtime_sec,1 2 3 4 5,5.0,0.31669407500885427,0.017971774573656982
facebook,Louvain,global,community_common_neighbors,modularity,1 2 3 4 5,5.0,0.834564392551003,0.00046357429815068076
facebook,Louvain,global,community_common_neighbors,coverage,1 2 3 4 5,5.0,0.9608640901181427,0.00023912212061152324
facebook,Louvain,global,community_common_neighbors,mean_density,1 2 3 4 5,5.0,0.28844285437636236,0.01380290963468691
facebook,Louvain,global,community_common_neighbors,mean_conductance,1 2 3 4 5,5.0,0.0538921145310623,0.004588512845494028
facebook,Louvain,global,community_common_neighbors,auc,1 2 3 4 5,5.0,0.9938927195972871,0.0008605850351244745
facebook,Louvain,global,community_common_neighbors,average_precision,1 2 3 4 5,5.0,0.9934242895605213,0.0012203635117239273
facebook,Louvain,global,community_common_neighbors,ego_cluster_count,1 2 3 4 5,5.0,0.0,0.0
facebook,Louvain,global,community_common_neighbors,ego_cluster_mean_size,1 2 3 4 5,5.0,0.0,0.0
facebook,Louvain,global,community_common_neighbors,ego_cluster_mean_density,1 2 3 4 5,5.0,0.0,0.0
facebook,Louvain,global,community_common_neighbors,ego_cluster_density_p10,1 2 3 4 5,5.0,0.0,0.0
facebook,Louvain,global,community_common_neighbors,ego_cluster_density_p25,1 2 3 4 5,5.0,0.0,0.0
facebook,Louvain,global,community_common_neighbors,ego_cluster_density_p50,1 2 3 4 5,5.0,0.0,0.0
facebook,Louvain,global,community_common_neighbors,ego_cluster_density_p75,1 2 3 4 5,5.0,0.0,0.0
facebook,Louvain,global,community_common_neighbors,ego_cluster_density_p90,1 2 3 4 5,5.0,0.0,0.0
facebook,Louvain,global,community_common_neighbors,ego_cluster_mean_conductance,1 2 3 4 5,5.0,0.0,0.0
facebook,Louvain,global,community_common_neighbors,ego_cluster_conductance_p10,1 2 3 4 5,5.0,0.0,0.0
facebook,Louvain,global,community_common_neighbors,ego_cluster_conductance_p25,1 2 3 4 5,5.0,0.0,0.0
facebook,Louvain,global,community_common_neighbors,ego_cluster_conductance_p50,1 2 3 4 5,5.0,0.0,0.0
facebook,Louvain,global,community_common_neighbors,ego_cluster_conductance_p75,1 2 3 4 5,5.0,0.0,0.0
facebook,Louvain,global,community_common_neighbors,ego_cluster_conductance_p90,1 2 3 4 5,5.0,0.0,0.0
